date,milk
1/2/2021,20
1/2/2021,30
1/3/2021,4
1/4/2021,10
1/4/2021,10
1/4/2021,10
1/4/2021,10
1/4/2021,20
1/4/2021,10
1/4/2021,10
1/4/2021,10
1/4/2021,10
1/4/2021,10
1/5/2021,50
1/5/2021,50
1/5/2021,10
1/5/2021,10
1/5/2021,50
1/6/2021,10
1/6/2021,20
1/6/2021,100
1/6/2021,2
1/6/2021,10
1/6/2021,10
1/7/2021,60
1/7/2021,10
1/7/2021,10
1/7/2021,10
1/7/2021,10
1/7/2021,10
1/7/2021,10
1/7/2021,10
1/7/2021,40
1/7/2021,90
1/7/2021,100
1/7/2021,10
1/7/2021,10
1/7/2021,10
1/7/2021,10
1/7/2021,1
1/7/2021,10
1/7/2021,10
1/7/2021,10
1/7/2021,10
1/7/2021,20
1/7/2021,10
1/7/2021,10
1/8/2021,70
1/8/2021,50
1/8/2021,10
1/8/2021,10
1/8/2021,20
1/8/2021,10
1/8/2021,20
1/8/2021,10
1/8/2021,10
1/9/2021,40
1/9/2021,20
1/9/2021,20
1/9/2021,70
1/9/2021,10
1/9/2021,30
1/9/2021,30
1/9/2021,10
1/10/2021,2
1/11/2021,10
1/11/2021,10
1/11/2021,10
1/11/2021,20
1/11/2021,100
1/11/2021,10
1/12/2021,10
1/12/2021,10
1/12/2021,20
1/12/2021,30
1/12/2021,10
1/13/2021,40
1/13/2021,40
1/13/2021,10
1/14/2021,0
1/14/2021,30
1/14/2021,30
1/14/2021,40
1/15/2021,10
1/15/2021,40
1/15/2021,10
1/15/2021,10
1/15/2021,10
1/15/2021,10
1/15/2021,40
1/15/2021,30
1/15/2021,10
1/15/2021,10
1/15/2021,10
1/15/2021,10
1/16/2021,10
1/16/2021,10
1/16/2021,30
1/16/2021,1
1/18/2021,20
1/18/2021,30
1/18/2021,10
1/18/2021,10
1/19/2021,10
1/20/2021,10
1/20/2021,10
1/20/2021,10
1/20/2021,1
1/20/2021,10
1/21/2021,10
1/21/2021,20
1/22/2021,40
1/22/2021,20
1/22/2021,10
1/22/2021,10
1/22/2021,10
1/22/2021,20
1/22/2021,20
1/22/2021,20
1/23/2021,10
1/23/2021,70
1/23/2021,10
1/23/2021,50
1/23/2021,20
1/23/2021,10
1/26/2021,60
1/26/2021,20
1/26/2021,30
1/27/2021,10
1/27/2021,30
1/27/2021,10
1/27/2021,40
1/27/2021,10
1/27/2021,50
1/27/2021,10
1/27/2021,20
1/27/2021,50
1/27/2021,30
1/28/2021,10
1/28/2021,10
1/28/2021,20
1/28/2021,30
1/28/2021,10
1/28/2021,10
1/28/2021,50
1/28/2021,50
1/29/2021,10
1/29/2021,50
1/29/2021,20
1/29/2021,10
1/29/2021,50
1/29/2021,20
1/29/2021,10
1/30/2021,10
1/30/2021,50
1/30/2021,30
1/30/2021,30
1/30/2021,20
2/1/2021,100
2/1/2021,301
2/2/2021,80
2/2/2021,30
2/3/2021,10
2/3/2021,10
2/3/2021,20
2/4/2021,20
2/4/2021,30
2/4/2021,80
2/4/2021,60
2/5/2021,10
2/5/2021,50
2/5/2021,10
2/5/2021,20
2/5/2021,10
2/5/2021,10
2/6/2021,30
2/6/2021,30
2/6/2021,50
2/6/2021,10
2/6/2021,40
2/6/2021,50
2/6/2021,30
2/8/2021,20
2/8/2021,10
2/9/2021,20
2/9/2021,10
2/9/2021,10
2/9/2021,10
2/9/2021,10
2/9/2021,80
2/9/2021,10
2/9/2021,10
2/9/2021,10
2/9/2021,10
2/9/2021,10
2/9/2021,10
2/9/2021,10
2/9/2021,50
2/9/2021,10
2/9/2021,10
2/9/2021,10
2/9/2021,10
2/9/2021,10
2/9/2021,10
2/9/2021,10
2/9/2021,10
2/9/2021,10
2/9/2021,20
2/10/2021,10
2/10/2021,20
2/10/2021,30
2/11/2021,50
2/11/2021,110
2/11/2021,30
2/11/2021,70
2/11/2021,110
2/11/2021,0
2/11/2021,30
2/12/2021,120
2/12/2021,20
2/12/2021,480
2/12/2021,60
2/12/2021,510
2/12/2021,100
2/12/2021,10
2/12/2021,10
2/12/2021,1
2/13/2021,10
2/13/2021,80
2/13/2021,90
2/13/2021,160
2/13/2021,80
2/13/2021,10
2/13/2021,10
2/13/2021,10
2/13/2021,30
2/15/2021,10
2/15/2021,130
2/15/2021,120
2/15/2021,10
2/15/2021,50
2/15/2021,10
2/15/2021,0
2/15/2021,0
2/15/2021,0
2/15/2021,10
2/16/2021,150
2/16/2021,10
2/16/2021,30
2/16/2021,110
2/16/2021,30
2/16/2021,0
2/16/2021,10
2/17/2021,60
2/17/2021,10
2/17/2021,10
2/17/2021,30
2/17/2021,20
2/17/2021,20
2/17/2021,10
2/18/2021,20
2/18/2021,90
2/18/2021,60
2/18/2021,30
2/18/2021,60
2/18/2021,20
2/18/2021,20
2/18/2021,50
2/18/2021,10
2/19/2021,20
2/19/2021,90
2/19/2021,0
2/19/2021,70
2/19/2021,10
2/20/2021,40
2/20/2021,150
2/20/2021,20
2/20/2021,100
2/20/2021,10
2/20/2021,30
2/20/2021,70
2/22/2021,100
2/22/2021,10
2/22/2021,70
2/22/2021,90
2/22/2021,10
2/22/2021,10
2/23/2021,160
2/23/2021,10
2/23/2021,20
2/23/2021,10
2/23/2021,50
2/23/2021,60
2/24/2021,10
2/24/2021,10
2/24/2021,10
2/24/2021,20
2/24/2021,10
2/25/2021,10
2/25/2021,20
2/25/2021,40
2/25/2021,10
2/25/2021,10
2/25/2021,20
2/26/2021,80
2/26/2021,10
2/26/2021,10
2/26/2021,10
2/26/2021,10
2/27/2021,40
2/27/2021,90
2/27/2021,10
2/27/2021,30
2/27/2021,30
2/27/2021,10
2/27/2021,80
2/27/2021,10
2/27/2021,100
2/27/2021,10
3/1/2021,10
3/1/2021,10
3/1/2021,10
3/1/2021,20
3/1/2021,20
3/2/2021,50
3/2/2021,110
3/2/2021,10
3/2/2021,10
3/3/2021,120
3/3/2021,10
3/3/2021,10
3/3/2021,10
3/3/2021,10
3/4/2021,10
3/4/2021,40
3/4/2021,40
3/4/2021,40
3/4/2021,10
3/5/2021,50
3/5/2021,10
3/5/2021,20
3/5/2021,10
3/5/2021,10
3/5/2021,10
3/5/2021,10
3/6/2021,10
3/6/2021,10
3/6/2021,30
3/6/2021,10
3/6/2021,10
3/6/2021,30
3/6/2021,40
3/6/2021,10
3/6/2021,10
3/8/2021,10
3/8/2021,10
3/8/2021,10
3/8/2021,10
3/8/2021,10
3/8/2021,10
3/9/2021,10
3/9/2021,10
3/9/2021,20
3/9/2021,20
3/10/2021,30
3/10/2021,10
3/10/2021,10
3/10/2021,10
3/10/2021,100
3/10/2021,10
3/10/2021,10
3/10/2021,10
3/10/2021,10
3/10/2021,10
3/11/2021,10
3/11/2021,60
3/11/2021,10
3/11/2021,10
3/12/2021,10
3/13/2021,40
3/22/2021,10
3/22/2021,110
3/22/2021,20
3/22/2021,180
3/22/2021,20
3/22/2021,10
3/22/2021,10
3/22/2021,10
3/23/2021,20
3/23/2021,60
3/23/2021,50
3/23/2021,10
3/23/2021,10
3/23/2021,110
3/24/2021,10
3/24/2021,50
3/24/2021,20
3/24/2021,1
3/25/2021,10
3/25/2021,50
3/25/2021,30
3/25/2021,20
3/25/2021,40
3/25/2021,100
3/26/2021,10
3/26/2021,20
3/26/2021,40
3/26/2021,10
3/26/2021,10
3/26/2021,70
3/26/2021,10
3/26/2021,10
3/26/2021,10
3/26/2021,10
3/26/2021,20
3/26/2021,10
3/26/2021,30
3/26/2021,40
3/26/2021,10
3/27/2021,10
3/27/2021,20
3/27/2021,60
3/27/2021,40
3/27/2021,10
3/29/2021,10
3/29/2021,10
3/29/2021,60
3/29/2021,10
3/30/2021,10
3/30/2021,10
3/30/2021,10
3/30/2021,40
3/30/2021,10
3/31/2021,40
3/31/2021,20
3/31/2021,10
3/31/2021,40
3/31/2021,10
3/31/2021,10
3/31/2021,20
3/31/2021,20
3/31/2021,10
3/31/2021,40
3/31/2021,40
3/31/2021,30
3/31/2021,10
4/1/2021,10
4/1/2021,10
4/1/2021,20
4/2/2021,10
4/2/2021,40
4/2/2021,50
4/2/2021,10
4/2/2021,10
4/2/2021,10
4/2/2021,20
4/3/2021,20
4/3/2021,20
4/3/2021,20
4/3/2021,170
4/3/2021,70
4/3/2021,10
4/5/2021,10
4/6/2021,40
4/6/2021,20
4/7/2021,10
4/7/2021,10
4/7/2021,10
4/7/2021,30
4/7/2021,10
4/7/2021,10
4/7/2021,20
4/8/2021,10
4/8/2021,10
4/8/2021,30
4/8/2021,30
4/8/2021,10
4/8/2021,100
4/9/2021,20
4/9/2021,10
4/9/2021,10
4/9/2021,40
4/9/2021,10
4/9/2021,10
4/9/2021,10
4/10/2021,20
4/10/2021,40
4/10/2021,30
4/10/2021,70
4/10/2021,10
4/13/2021,30
4/13/2021,30
4/14/2021,30
4/14/2021,30
4/15/2021,10
4/15/2021,40
4/15/2021,40
4/15/2021,10
4/16/2021,20
4/16/2021,30
4/16/2021,10
4/16/2021,50
4/16/2021,40
4/16/2021,10
4/16/2021,10
4/16/2021,10
4/16/2021,10
4/16/2021,20
4/16/2021,10
4/17/2021,50
4/17/2021,40
4/17/2021,60
4/17/2021,30
4/17/2021,30
4/17/2021,40
4/17/2021,20
4/17/2021,60
4/17/2021,30
4/17/2021,20
4/17/2021,20
4/17/2021,10
4/17/2021,40
4/17/2021,30
4/17/2021,40
4/17/2021,20
4/19/2021,10
4/19/2021,10
4/19/2021,10
4/19/2021,10
4/19/2021,20
4/19/2021,10
4/19/2021,10
4/19/2021,10
4/20/2021,20
4/20/2021,10
4/20/2021,50
4/20/2021,80
4/20/2021,20
4/21/2021,30
4/21/2021,30
4/21/2021,30
4/22/2021,40
4/22/2021,60
4/22/2021,20
4/22/2021,10
4/22/2021,40
4/22/2021,20
4/22/2021,90
4/23/2021,60
4/23/2021,100
4/24/2021,10
4/26/2021,10
4/26/2021,10
4/26/2021,10
4/27/2021,120
4/27/2021,90
4/27/2021,30
4/28/2021,20
4/28/2021,10
4/29/2021,30
4/29/2021,120
4/29/2021,120
4/29/2021,60
4/29/2021,20
4/29/2021,130
4/29/2021,40
4/30/2021,110
4/30/2021,130
5/1/2021,10
5/1/2021,20
5/1/2021,10
5/1/2021,50
5/1/2021,170
5/1/2021,320
5/1/2021,30
5/1/2021,10
5/1/2021,10
5/1/2021,20
5/1/2021,20
5/1/2021,20
5/3/2021,10
5/3/2021,40
5/4/2021,40
5/4/2021,110
5/4/2021,110
5/5/2021,20
5/5/2021,10
5/5/2021,60
5/5/2021,20
5/6/2021,40
5/6/2021,10
5/6/2021,50
5/6/2021,80
5/6/2021,40
5/7/2021,10
5/7/2021,10
5/7/2021,90
5/7/2021,90
5/7/2021,0
5/7/2021,10
5/7/2021,50
5/7/2021,10
5/7/2021,2
5/7/2021,10
5/7/2021,10
5/7/2021,20
5/7/2021,10
5/7/2021,10
5/7/2021,30
5/7/2021,10
5/8/2021,30
5/8/2021,110
5/8/2021,150
5/8/2021,10
5/8/2021,30
5/8/2021,30
5/8/2021,30
5/10/2021,10
5/10/2021,10
5/10/2021,10
5/11/2021,110
5/11/2021,90
5/11/2021,20
5/12/2021,50
5/13/2021,20
5/13/2021,10
5/13/2021,20
5/13/2021,60
5/13/2021,80
5/13/2021,20
5/14/2021,90
5/14/2021,80
5/14/2021,180
5/14/2021,50
5/14/2021,1
5/15/2021,20
5/15/2021,130
5/15/2021,10
5/15/2021,150
5/15/2021,50
5/15/2021,40
5/15/2021,10
5/17/2021,10
5/17/2021,40
5/17/2021,10
5/17/2021,20
5/18/2021,20
5/18/2021,10
5/21/2021,10
5/22/2021,20
5/24/2021,40
5/24/2021,10
5/24/2021,110
5/24/2021,10
5/24/2021,10
5/24/2021,10
5/24/2021,10
5/25/2021,30
5/25/2021,30
5/25/2021,30
5/25/2021,30
5/25/2021,50
5/25/2021,30
5/26/2021,20
5/26/2021,40
5/26/2021,100
5/26/2021,20
5/27/2021,10
5/27/2021,10
5/27/2021,100
5/27/2021,120
5/27/2021,10
5/27/2021,10
5/27/2021,60
5/27/2021,20
5/27/2021,10
5/27/2021,20
5/28/2021,150
5/28/2021,110
5/28/2021,10
5/28/2021,10
5/28/2021,10
5/28/2021,10
5/28/2021,10
5/28/2021,20
5/29/2021,40
5/29/2021,60
5/29/2021,70
5/29/2021,10
5/29/2021,160
5/29/2021,10
5/29/2021,20
5/31/2021,10
5/31/2021,30
5/31/2021,20
5/31/2021,80
5/31/2021,20
5/31/2021,10
6/1/2021,20
6/1/2021,100
6/1/2021,20
6/1/2021,10
6/2/2021,40
6/2/2021,10
6/2/2021,10
6/2/2021,10
6/2/2021,10
6/3/2021,10
6/3/2021,10
6/3/2021,10
6/3/2021,20
6/3/2021,10
6/3/2021,30
6/3/2021,50
6/4/2021,10
6/4/2021,40
6/4/2021,10
6/4/2021,10
6/4/2021,10
6/4/2021,20
6/4/2021,10
6/4/2021,30
6/4/2021,20
6/4/2021,10
6/5/2021,10
6/5/2021,10
6/5/2021,40
6/5/2021,70
6/5/2021,10
6/7/2021,10
6/7/2021,70
6/7/2021,10
6/7/2021,10
6/7/2021,100
6/7/2021,10
6/8/2021,10
6/8/2021,40
6/8/2021,10
6/8/2021,30
6/8/2021,10
6/8/2021,10
6/8/2021,30
6/9/2021,20
6/9/2021,120
6/9/2021,10
6/10/2021,30
6/10/2021,10
6/10/2021,10
6/10/2021,20
6/10/2021,10
6/10/2021,10
6/10/2021,30
6/10/2021,20
6/10/2021,10
6/11/2021,10
6/11/2021,40
6/11/2021,10
6/11/2021,20
6/11/2021,10
6/11/2021,10
6/11/2021,10
6/11/2021,10
6/11/2021,20
6/11/2021,10
6/12/2021,40
6/12/2021,40
6/12/2021,40
6/12/2021,30
6/12/2021,10
6/12/2021,10
6/12/2021,10
6/12/2021,10
6/14/2021,10
6/14/2021,6
6/15/2021,20
6/15/2021,50
6/15/2021,2
6/15/2021,10
6/16/2021,120
6/16/2021,30
6/16/2021,30
6/16/2021,20
6/16/2021,10
6/17/2021,20
6/17/2021,30
6/17/2021,10
6/17/2021,9
6/18/2021,10
6/18/2021,20
6/18/2021,40
6/18/2021,10
6/18/2021,20
6/19/2021,20
6/19/2021,50
6/19/2021,30
6/19/2021,30
6/21/2021,10
6/21/2021,10
6/21/2021,10
6/22/2021,20
6/22/2021,20
6/22/2021,50
6/22/2021,30
6/23/2021,20
6/23/2021,20
6/23/2021,10
6/23/2021,10
6/23/2021,10
6/24/2021,10
6/24/2021,30
6/24/2021,20
6/24/2021,50
6/24/2021,2
6/24/2021,10
6/25/2021,10
6/25/2021,10
6/25/2021,330
6/25/2021,30
6/25/2021,60
6/25/2021,330
6/25/2021,50
6/25/2021,10
6/25/2021,10
6/25/2021,10
6/26/2021,40
6/26/2021,70
6/26/2021,20
6/26/2021,20
6/26/2021,10
6/26/2021,40
6/26/2021,20
6/28/2021,10
6/28/2021,70
6/28/2021,20
6/28/2021,50
6/28/2021,20
6/28/2021,20
6/29/2021,20
6/29/2021,30
6/29/2021,40
6/29/2021,130
6/29/2021,70
6/30/2021,20
6/30/2021,20
6/30/2021,10
6/30/2021,210
6/30/2021,60
6/30/2021,70
6/30/2021,20
6/30/2021,50
6/30/2021,110
6/30/2021,60
6/30/2021,100
6/30/2021,20
6/30/2021,100
6/30/2021,30
6/30/2021,10
6/30/2021,70
6/30/2021,10
7/1/2021,20
7/1/2021,100
7/1/2021,130
7/1/2021,10
7/1/2021,20
7/2/2021,10
7/2/2021,10
7/2/2021,10
7/2/2021,20
7/2/2021,10
7/2/2021,10
7/3/2021,80
7/3/2021,40
7/3/2021,30
7/3/2021,80
7/3/2021,20
7/3/2021,200
7/3/2021,140
7/5/2021,30
7/5/2021,20
7/5/2021,20
7/5/2021,20
7/5/2021,10
7/5/2021,30
7/5/2021,70
7/5/2021,80
7/5/2021,10
7/5/2021,30
7/5/2021,20
7/5/2021,20
7/5/2021,20
7/5/2021,20
7/5/2021,40
7/5/2021,20
7/5/2021,20
7/5/2021,20
7/6/2021,20
7/6/2021,40
7/6/2021,70
7/6/2021,20
7/6/2021,1
7/8/2021,10
7/16/2021,2
7/19/2021,10
7/19/2021,40
7/19/2021,20
7/19/2021,40
7/20/2021,60
7/20/2021,40
7/20/2021,30
7/20/2021,10
7/21/2021,60
7/21/2021,40
7/21/2021,60
7/22/2021,60
7/22/2021,10
7/22/2021,90
7/22/2021,40
7/22/2021,40
7/22/2021,80
7/22/2021,10
7/23/2021,10
7/23/2021,100
7/23/2021,10
7/23/2021,20
7/23/2021,180
7/23/2021,10
7/23/2021,20
7/24/2021,10
7/24/2021,10
7/24/2021,30
7/24/2021,30
7/24/2021,140
7/24/2021,10
7/24/2021,30
7/24/2021,260
7/24/2021,20
7/24/2021,10
7/24/2021,10
7/24/2021,20
7/24/2021,10
7/24/2021,20
7/24/2021,10
7/24/2021,20
7/24/2021,10
7/24/2021,10
7/24/2021,10
7/24/2021,10
7/24/2021,10
7/24/2021,50
7/25/2021,0
7/25/2021,0
7/26/2021,140
7/26/2021,110
7/26/2021,30
7/27/2021,40
7/27/2021,40
7/27/2021,40
7/27/2021,30
7/28/2021,10
7/28/2021,10
7/28/2021,20
7/28/2021,20
7/28/2021,10
7/28/2021,70
7/28/2021,20
7/28/2021,20
7/28/2021,10
7/28/2021,20
7/28/2021,10
7/28/2021,10
7/28/2021,10
7/29/2021,10
7/29/2021,10
7/29/2021,20
7/29/2021,80
7/29/2021,150
7/29/2021,10
7/31/2021,20
7/31/2021,10
7/31/2021,10
7/31/2021,50
7/31/2021,40
7/31/2021,20
8/2/2021,10
8/2/2021,30
8/2/2021,10
8/2/2021,10
8/2/2021,10
8/2/2021,10
8/2/2021,10
8/2/2021,10
8/2/2021,30
8/2/2021,10
8/2/2021,10
8/2/2021,10
8/2/2021,10
8/2/2021,10
8/2/2021,20
8/2/2021,20
8/2/2021,10
8/2/2021,30
8/3/2021,10
8/3/2021,10
8/4/2021,10
8/4/2021,10
8/4/2021,10
8/4/2021,10
8/4/2021,50
8/4/2021,10
8/4/2021,10
8/5/2021,20
8/5/2021,10
8/5/2021,30
8/5/2021,30
8/5/2021,100
8/5/2021,10
8/5/2021,0
8/6/2021,10
8/6/2021,20
8/6/2021,110
8/6/2021,10
8/6/2021,20
8/6/2021,130
8/6/2021,10
8/6/2021,10
8/6/2021,10
8/6/2021,20
8/7/2021,20
8/7/2021,90
8/7/2021,10
8/7/2021,10
8/7/2021,30
8/9/2021,10
8/10/2021,10
8/10/2021,10
8/10/2021,80
8/10/2021,70
8/11/2021,20
8/12/2021,20
8/12/2021,50
8/12/2021,50
8/12/2021,40
8/13/2021,40
8/13/2021,30
8/13/2021,10
8/13/2021,10
8/13/2021,10
8/13/2021,40
8/14/2021,10
8/14/2021,40
8/14/2021,60
8/14/2021,50
8/17/2021,40
8/17/2021,40
8/18/2021,10
8/18/2021,20
8/18/2021,30
8/18/2021,0
8/19/2021,10
8/19/2021,10
8/19/2021,10
8/19/2021,50
8/20/2021,40
8/20/2021,10
8/21/2021,10
8/21/2021,10
8/21/2021,40
8/21/2021,80
8/21/2021,20
8/21/2021,10
8/23/2021,20
8/23/2021,10
8/23/2021,100
8/23/2021,20
8/23/2021,10
8/23/2021,10
8/23/2021,10
8/23/2021,20
8/24/2021,10
8/24/2021,10
8/24/2021,30
8/24/2021,10
8/24/2021,50
8/24/2021,10
8/24/2021,10
8/24/2021,10
8/24/2021,10
8/24/2021,10
8/24/2021,10
8/24/2021,10
8/24/2021,10
8/24/2021,10
8/24/2021,10
8/24/2021,10
8/24/2021,10
8/24/2021,10
8/25/2021,100
8/25/2021,10
8/25/2021,10
8/25/2021,30
8/25/2021,10
8/25/2021,10
8/25/2021,10
8/25/2021,10
8/25/2021,30
8/25/2021,30
8/25/2021,10
8/25/2021,20
8/25/2021,10
8/25/2021,10
8/25/2021,10
8/25/2021,10
8/25/2021,10
8/25/2021,0
8/25/2021,20
8/25/2021,10
8/25/2021,30
8/25/2021,10
8/26/2021,10
8/26/2021,20
8/26/2021,50
8/26/2021,80
8/26/2021,10
8/26/2021,10
8/26/2021,10
8/26/2021,10
8/26/2021,10
8/27/2021,10
8/27/2021,10
8/27/2021,60
8/27/2021,50
8/27/2021,50
8/27/2021,10
8/27/2021,10
8/27/2021,10
8/27/2021,10
8/27/2021,10
8/27/2021,20
8/27/2021,10
8/27/2021,20
8/27/2021,20
8/28/2021,30
8/28/2021,30
8/28/2021,80
8/28/2021,40
8/28/2021,20
8/28/2021,30
8/28/2021,10
8/30/2021,10
8/30/2021,10
8/30/2021,50
8/30/2021,10
8/31/2021,120
8/31/2021,90
8/31/2021,10
9/1/2021,80
9/1/2021,10
9/1/2021,10
9/1/2021,50
9/1/2021,40
9/1/2021,10
9/1/2021,0
9/2/2021,110
9/2/2021,30
9/2/2021,10
9/2/2021,120
9/2/2021,180
9/2/2021,60
9/3/2021,10
9/3/2021,10
9/3/2021,110
9/3/2021,170
9/3/2021,10
9/3/2021,10
9/3/2021,20
9/3/2021,10
9/3/2021,20
9/3/2021,10
9/3/2021,20
9/4/2021,140
9/4/2021,50
9/4/2021,30
9/4/2021,150
9/4/2021,180
9/4/2021,50
9/6/2021,10
9/6/2021,10
9/6/2021,10
9/6/2021,20
9/6/2021,10
9/6/2021,10
9/7/2021,10
9/7/2021,10
9/7/2021,210
9/7/2021,200
9/8/2021,10
9/8/2021,10
9/8/2021,20
9/8/2021,100
9/8/2021,10
9/8/2021,20
9/8/2021,10
9/9/2021,110
9/9/2021,20
9/9/2021,10
9/9/2021,90
9/9/2021,100
9/9/2021,0
9/9/2021,10
9/10/2021,10
9/10/2021,4
9/10/2021,10
9/10/2021,50
9/10/2021,70
9/10/2021,10
9/10/2021,10
9/11/2021,60
9/11/2021,30
9/11/2021,20
9/11/2021,10
9/11/2021,110
9/11/2021,140
9/11/2021,20
9/11/2021,10
9/11/2021,100
9/11/2021,10
9/14/2021,10
9/14/2021,10
9/14/2021,0
9/15/2021,10
9/15/2021,80
9/15/2021,10
9/15/2021,10
9/15/2021,0
9/16/2021,130
9/16/2021,100
9/16/2021,10
9/16/2021,40
9/16/2021,120
9/17/2021,10
9/17/2021,20
9/17/2021,10
9/17/2021,130
9/17/2021,60
9/17/2021,10
9/17/2021,10
9/17/2021,10
9/17/2021,10
9/17/2021,10
9/18/2021,60
9/18/2021,10
9/18/2021,120
9/18/2021,90
9/18/2021,20
9/20/2021,10
9/20/2021,30
9/20/2021,10
9/20/2021,10
9/20/2021,10
9/20/2021,20
9/20/2021,30
9/20/2021,0
9/20/2021,0
9/21/2021,80
9/21/2021,100
9/22/2021,40
9/22/2021,40
9/22/2021,20
9/22/2021,60
9/22/2021,20
9/22/2021,20
9/22/2021,10
9/22/2021,30
9/22/2021,10
9/23/2021,140
9/23/2021,10
9/23/2021,20
9/23/2021,90
9/23/2021,100
9/23/2021,10
9/23/2021,30
9/24/2021,10
9/24/2021,30
9/24/2021,10
9/24/2021,80
9/24/2021,50
9/24/2021,50
9/24/2021,10
9/24/2021,10
9/24/2021,30
9/24/2021,20
9/24/2021,10
9/24/2021,10
9/24/2021,20
9/24/2021,20
9/25/2021,60
9/25/2021,30
9/25/2021,60
9/25/2021,60
9/25/2021,40
9/25/2021,20
9/27/2021,60
9/27/2021,10
9/27/2021,10
9/27/2021,20
9/28/2021,10
9/28/2021,50
9/28/2021,20
9/29/2021,10
9/29/2021,10
9/29/2021,10
9/29/2021,10
9/29/2021,10
9/29/2021,2
9/29/2021,10
9/29/2021,10
9/29/2021,10
9/30/2021,40
9/30/2021,60
9/30/2021,16
9/30/2021,10
9/30/2021,10
9/30/2021,60
9/30/2021,20
9/30/2021,40
9/30/2021,20
9/30/2021,20
9/30/2021,30
10/1/2021,10
10/1/2021,20
10/2/2021,20
10/2/2021,30
10/2/2021,20
10/2/2021,30
10/2/2021,50
10/2/2021,40
10/4/2021,50
10/4/2021,20
10/5/2021,20
10/5/2021,70
10/6/2021,70
10/6/2021,10
10/6/2021,10
10/6/2021,10
10/7/2021,30
10/7/2021,20
10/7/2021,20
10/8/2021,60
10/8/2021,10
10/9/2021,10
10/12/2021,10
10/12/2021,10
10/15/2021,10
10/15/2021,10
10/15/2021,10
10/15/2021,30
10/15/2021,10
10/15/2021,10
10/16/2021,60
10/16/2021,20
10/18/2021,0
10/18/2021,10
10/20/2021,0
10/21/2021,0
10/22/2021,0
10/23/2021,0
10/25/2021,0
10/27/2021,0
10/30/2021,0
11/9/2021,60
11/9/2021,50
11/9/2021,50
11/9/2021,10
11/9/2021,0
11/10/2021,10
11/10/2021,10
11/10/2021,10
11/10/2021,20
11/10/2021,10
11/10/2021,10
11/10/2021,10
11/10/2021,20
11/10/2021,10
11/10/2021,30
11/11/2021,290
11/11/2021,10
11/11/2021,10
11/11/2021,70
11/11/2021,10
11/11/2021,10
11/11/2021,60
11/11/2021,10
11/11/2021,10
11/11/2021,10
11/11/2021,100
11/11/2021,30
11/12/2021,10
11/12/2021,10
11/12/2021,10
11/12/2021,10
11/12/2021,10
11/12/2021,50
11/12/2021,230
11/12/2021,0
11/12/2021,10
11/12/2021,40
11/12/2021,20
11/12/2021,10
11/12/2021,20
11/12/2021,10
11/12/2021,30
11/12/2021,10
11/12/2021,20
11/12/2021,10
11/12/2021,20
11/12/2021,20
11/13/2021,110
11/13/2021,10
11/13/2021,30
11/13/2021,30
11/13/2021,260
11/13/2021,30
11/13/2021,170
11/13/2021,20
11/13/2021,10
11/13/2021,10
11/13/2021,70
11/13/2021,20
11/13/2021,10
11/13/2021,10
11/13/2021,10
11/15/2021,30
11/15/2021,20
11/15/2021,20
11/15/2021,20
11/15/2021,10
11/15/2021,20
11/15/2021,30
11/15/2021,40
11/15/2021,60
11/15/2021,0
11/15/2021,20
11/15/2021,20
11/15/2021,40
11/15/2021,10
11/16/2021,0
11/16/2021,30
11/16/2021,10
11/16/2021,60
11/16/2021,200
11/17/2021,180
11/17/2021,10
11/17/2021,20
11/17/2021,100
11/17/2021,90
11/17/2021,0
11/17/2021,20
11/17/2021,30
11/17/2021,40
11/18/2021,50
11/18/2021,50
11/18/2021,100
11/18/2021,80
11/18/2021,20
11/19/2021,10
11/19/2021,30
11/19/2021,20
11/19/2021,10
11/19/2021,20
11/19/2021,10
11/19/2021,40
11/19/2021,60
11/19/2021,30
11/19/2021,30
11/24/2021,0
11/26/2021,0
12/4/2021,20
12/4/2021,10
12/4/2021,10
12/4/2021,10
12/6/2021,80
12/6/2021,90
12/7/2021,10
12/7/2021,10
12/7/2021,30
12/7/2021,10
12/7/2021,10
12/7/2021,10
12/7/2021,10
12/8/2021,100
12/8/2021,10
12/8/2021,10
12/8/2021,30
12/8/2021,10
12/8/2021,10
12/8/2021,70
12/8/2021,10
12/8/2021,10
12/9/2021,230
12/9/2021,60
12/9/2021,240
12/9/2021,30
12/9/2021,10
12/9/2021,60
12/9/2021,70
12/9/2021,10
12/9/2021,10
12/9/2021,10
12/9/2021,100
12/10/2021,10
12/10/2021,10
12/10/2021,10
12/10/2021,20
12/10/2021,10
12/10/2021,10
12/10/2021,100
12/10/2021,10
12/10/2021,50
12/10/2021,140
12/10/2021,10
12/10/2021,20
12/10/2021,20
12/10/2021,20
12/10/2021,20
12/10/2021,10
12/10/2021,10
12/10/2021,20
12/10/2021,20
12/10/2021,50
12/10/2021,20
12/10/2021,30
12/10/2021,10
12/11/2021,120
12/11/2021,10
12/11/2021,60
12/11/2021,40
12/11/2021,330
12/11/2021,190
12/11/2021,60
12/13/2021,30
12/13/2021,10
12/13/2021,30
12/13/2021,20
12/13/2021,20
12/13/2021,10
12/13/2021,20
12/13/2021,10
12/13/2021,20
12/13/2021,20
12/13/2021,20
12/13/2021,10
12/13/2021,20
12/13/2021,10
12/13/2021,30
12/13/2021,10
12/13/2021,20
12/13/2021,10
12/13/2021,20
12/13/2021,10
12/13/2021,10
12/13/2021,30
12/13/2021,10
12/13/2021,10
12/13/2021,20
12/13/2021,10
12/14/2021,50
12/14/2021,10
12/14/2021,10
12/14/2021,10
12/14/2021,10
12/14/2021,10
12/14/2021,50
12/14/2021,10
12/14/2021,10
12/14/2021,80
12/14/2021,10
12/14/2021,110
12/14/2021,10
12/14/2021,20
12/15/2021,40
12/15/2021,10
12/15/2021,10
12/15/2021,50
12/15/2021,10
12/15/2021,70
12/15/2021,10
12/15/2021,30
12/15/2021,10
12/15/2021,10
12/15/2021,10
12/15/2021,60
12/15/2021,20
12/15/2021,40
12/15/2021,240
12/16/2021,70
12/16/2021,20
12/16/2021,10
12/16/2021,30
12/16/2021,60
12/16/2021,10
12/16/2021,20
12/16/2021,10
12/16/2021,10
12/16/2021,10
12/16/2021,20
12/17/2021,20
12/17/2021,10
12/17/2021,10
12/17/2021,30
12/17/2021,20
12/17/2021,10
12/17/2021,10
12/17/2021,20
12/17/2021,20
12/17/2021,10
12/17/2021,10
12/17/2021,10
12/17/2021,10
12/17/2021,20
12/17/2021,10
12/17/2021,10
12/17/2021,10
12/18/2021,50
12/18/2021,30
12/18/2021,60
12/18/2021,140
12/18/2021,10
12/18/2021,10
12/18/2021,10
12/18/2021,10
12/19/2021,0
12/20/2021,10
12/20/2021,140
12/20/2021,20
12/20/2021,10
12/20/2021,10
12/20/2021,30
12/20/2021,30
12/20/2021,10
12/20/2021,10
12/21/2021,10
12/21/2021,10
12/21/2021,10
12/21/2021,30
12/21/2021,10
12/21/2021,10
12/21/2021,10
12/21/2021,110
12/21/2021,130
12/21/2021,20
12/21/2021,10
12/21/2021,0
12/22/2021,40
12/22/2021,10
12/22/2021,10
12/22/2021,10
12/22/2021,20
12/22/2021,20
12/22/2021,10
12/22/2021,100
12/22/2021,20
12/22/2021,20
12/23/2021,30
12/23/2021,10
12/23/2021,10
12/23/2021,10
12/23/2021,10
12/23/2021,20
12/23/2021,30
12/23/2021,70
12/23/2021,20
12/23/2021,30
12/23/2021,50
12/24/2021,10
12/24/2021,10
12/24/2021,10
12/24/2021,100
12/24/2021,50
12/24/2021,10
12/24/2021,20
12/24/2021,10
12/25/2021,100
12/25/2021,30
12/25/2021,40
12/25/2021,40
12/25/2021,100
12/25/2021,110
12/25/2021,20
12/27/2021,10
12/28/2021,140
12/28/2021,60
12/30/2021,210
12/30/2021,40
1/3/2022,10
1/3/2022,10
1/3/2022,10
1/4/2022,10
1/4/2022,10
1/4/2022,10
1/4/2022,10
1/4/2022,20
1/4/2022,100
1/4/2022,10
1/4/2022,10
1/4/2022,10
1/4/2022,60
1/4/2022,50
1/4/2022,90
1/4/2022,100
1/4/2022,20
1/5/2022,10
1/5/2022,10
1/5/2022,60
1/5/2022,10
1/5/2022,10
1/5/2022,10
1/5/2022,10
1/5/2022,30
1/5/2022,10
1/5/2022,20
1/5/2022,30
1/5/2022,20
1/5/2022,10
1/5/2022,80
1/6/2022,10
1/6/2022,0
1/6/2022,20
1/6/2022,70
1/6/2022,180
1/6/2022,100
1/6/2022,0
1/6/2022,20
1/6/2022,10
1/6/2022,120
1/7/2022,50
1/7/2022,150
1/7/2022,120
1/7/2022,10
1/7/2022,20
1/7/2022,20
1/7/2022,10
1/7/2022,10
1/7/2022,0
1/7/2022,20
1/7/2022,120
1/8/2022,20
1/8/2022,30
1/8/2022,100
1/8/2022,120
1/8/2022,10
1/8/2022,20
1/8/2022,20
1/8/2022,20
1/10/2022,20
1/11/2022,20
1/11/2022,20
1/11/2022,20
1/11/2022,20
1/11/2022,40
1/11/2022,30
1/11/2022,20
1/12/2022,20
1/12/2022,30
1/12/2022,10
1/12/2022,20
1/12/2022,20
1/12/2022,10
1/12/2022,60
1/12/2022,30
1/12/2022,10
1/12/2022,10
1/12/2022,40
1/12/2022,40
1/12/2022,40
1/12/2022,30
1/12/2022,40
1/12/2022,30
1/12/2022,30
1/12/2022,30
1/12/2022,30
1/12/2022,10
1/12/2022,20
1/12/2022,30
1/12/2022,40
1/12/2022,30
1/12/2022,10
1/12/2022,10
1/12/2022,40
1/12/2022,10
1/12/2022,40
1/12/2022,150
1/13/2022,20
1/13/2022,10
1/13/2022,70
1/13/2022,70
1/13/2022,20
1/13/2022,0
1/13/2022,40
1/14/2022,10
1/14/2022,10
1/14/2022,40
1/14/2022,60
1/14/2022,10
1/14/2022,40
1/14/2022,20
1/15/2022,10
1/15/2022,10
1/15/2022,10
1/15/2022,50
1/15/2022,10
1/15/2022,10
1/15/2022,20
1/15/2022,30
1/17/2022,10
1/17/2022,20
1/17/2022,20
1/17/2022,10
1/17/2022,10
1/17/2022,20
1/17/2022,10
1/18/2022,10
1/18/2022,20
1/18/2022,0
1/18/2022,10
1/18/2022,10
1/18/2022,50
1/18/2022,10
1/18/2022,10
1/18/2022,20
1/18/2022,10
1/18/2022,60
1/18/2022,10
1/18/2022,40
1/18/2022,50
1/19/2022,10
1/19/2022,20
1/19/2022,0
1/19/2022,10
1/19/2022,60
1/19/2022,10
1/19/2022,0
1/19/2022,10
1/20/2022,10
1/20/2022,20
1/20/2022,10
1/20/2022,10
1/20/2022,30
1/21/2022,10
1/21/2022,40
1/21/2022,40
1/21/2022,20
1/21/2022,10
1/22/2022,100
1/22/2022,10
1/22/2022,30
1/22/2022,30
1/22/2022,30
1/22/2022,50
1/22/2022,0
1/22/2022,10
1/22/2022,60
1/25/2022,10
1/25/2022,50
1/25/2022,80
1/25/2022,0
1/26/2022,0
1/26/2022,20
1/26/2022,40
1/26/2022,20
1/27/2022,10
1/27/2022,10
1/27/2022,90
1/27/2022,10
1/27/2022,60
1/28/2022,10
1/28/2022,10
1/28/2022,10
1/28/2022,30
1/28/2022,80
1/28/2022,10
1/29/2022,40
1/29/2022,30
1/29/2022,90
1/29/2022,60
1/29/2022,70
1/29/2022,30
1/31/2022,10
2/7/2022,0
2/8/2022,0
2/14/2022,0
2/17/2022,10
2/17/2022,10
2/17/2022,20
2/17/2022,40
2/17/2022,0
2/17/2022,40
2/18/2022,10
2/18/2022,30
2/18/2022,30
2/18/2022,40
2/18/2022,10
2/18/2022,10
2/18/2022,60
2/18/2022,10
2/18/2022,230
2/18/2022,460
2/18/2022,10
2/18/2022,10
2/18/2022,20
2/18/2022,60
2/18/2022,30
2/18/2022,30
2/18/2022,40
2/18/2022,10
2/18/2022,20
2/18/2022,10
2/18/2022,20
2/18/2022,20
2/18/2022,10
2/18/2022,60
2/18/2022,10
2/18/2022,20
2/18/2022,10
2/18/2022,80
2/21/2022,10
2/22/2022,190
2/22/2022,160
2/23/2022,10
2/23/2022,0
2/23/2022,10
2/23/2022,10
2/23/2022,80
2/23/2022,10
2/23/2022,10
2/23/2022,10
2/23/2022,10
2/23/2022,20
2/23/2022,90
2/23/2022,30
2/23/2022,10
2/23/2022,10
2/23/2022,20
2/24/2022,10
2/24/2022,20
2/24/2022,120
2/24/2022,130
2/24/2022,20
2/24/2022,30
2/25/2022,10
2/25/2022,10
2/25/2022,30
2/25/2022,10
2/25/2022,10
2/25/2022,20
2/25/2022,10
2/25/2022,20
2/25/2022,20
2/25/2022,20
2/25/2022,10
2/25/2022,10
2/26/2022,20
2/26/2022,70
2/26/2022,130
2/26/2022,40
2/26/2022,10
2/26/2022,130
2/28/2022,10
2/28/2022,10
2/28/2022,10
2/28/2022,10
2/28/2022,70
2/28/2022,70
2/28/2022,10
2/28/2022,10
2/28/2022,10
2/28/2022,10
2/28/2022,10
2/28/2022,10
2/28/2022,10
2/28/2022,50
3/1/2022,50
3/1/2022,50
3/1/2022,20
3/1/2022,10
3/2/2022,20
3/2/2022,10
3/2/2022,10
3/2/2022,10
3/2/2022,20
3/2/2022,10
3/2/2022,100
3/3/2022,10
3/3/2022,20
3/3/2022,30
3/3/2022,10
3/3/2022,10
3/3/2022,10
3/3/2022,30
3/3/2022,10
3/3/2022,80
3/3/2022,30
3/3/2022,10
3/3/2022,100
3/3/2022,20
3/3/2022,10
3/3/2022,20
3/3/2022,10
3/3/2022,10
3/3/2022,230
3/4/2022,20
3/4/2022,10
3/4/2022,10
3/4/2022,10
3/4/2022,10
3/4/2022,10
3/4/2022,10
3/4/2022,10
3/4/2022,190
3/4/2022,200
3/4/2022,10
3/4/2022,20
3/4/2022,20
3/4/2022,20
3/4/2022,20
3/4/2022,10
3/4/2022,10
3/5/2022,30
3/5/2022,20
3/5/2022,60
3/5/2022,40
3/5/2022,10
3/5/2022,50
3/7/2022,0
3/7/2022,10
3/7/2022,10
3/8/2022,1
3/8/2022,10
3/8/2022,20
3/8/2022,10
3/9/2022,10
3/9/2022,10
3/9/2022,10
3/9/2022,10
3/9/2022,40
3/9/2022,20
3/9/2022,10
3/9/2022,10
3/9/2022,10
3/9/2022,100
3/9/2022,10
3/9/2022,20
3/10/2022,10
3/10/2022,10
3/10/2022,120
3/10/2022,10
3/10/2022,40
3/10/2022,60
3/10/2022,10
3/11/2022,10
3/11/2022,10
3/11/2022,10
3/11/2022,70
3/11/2022,10
3/11/2022,10
3/11/2022,10
3/11/2022,30
3/11/2022,10
3/11/2022,10
3/11/2022,10
3/12/2022,30
3/12/2022,30
3/12/2022,40
3/12/2022,80
3/12/2022,30
3/12/2022,10
3/12/2022,20
3/14/2022,10
3/15/2022,10
3/15/2022,20
3/15/2022,40
3/15/2022,0
3/16/2022,10
3/16/2022,10
3/16/2022,70
3/17/2022,30
3/17/2022,60
3/17/2022,30
3/17/2022,100
3/17/2022,10
3/17/2022,0
3/17/2022,20
3/18/2022,10
3/18/2022,10
3/18/2022,10
3/18/2022,40
3/18/2022,50
3/18/2022,20
3/18/2022,20
3/18/2022,40
3/18/2022,30
3/18/2022,10
3/18/2022,10
3/18/2022,10
3/19/2022,20
3/19/2022,100
3/19/2022,20
3/19/2022,10
3/19/2022,20
3/21/2022,50
3/21/2022,10
3/21/2022,10
3/21/2022,10
3/21/2022,10
3/21/2022,10
3/21/2022,10
3/21/2022,120
3/22/2022,10
3/22/2022,50
3/22/2022,60
3/22/2022,0
3/23/2022,20
3/23/2022,10
3/23/2022,20
3/23/2022,50
3/23/2022,10
3/23/2022,60
3/24/2022,10
3/24/2022,60
3/24/2022,40
3/24/2022,50
3/24/2022,60
3/24/2022,20
3/25/2022,20
3/25/2022,20
3/25/2022,0
3/25/2022,10
3/25/2022,10
3/25/2022,10
3/25/2022,20
3/25/2022,10
3/25/2022,20
3/25/2022,10
3/25/2022,10
3/25/2022,40
3/25/2022,70
3/25/2022,20
3/25/2022,10
3/25/2022,10
3/26/2022,10
3/26/2022,30
3/26/2022,20
3/26/2022,30
3/26/2022,80
3/26/2022,30
3/26/2022,20
3/28/2022,10
3/28/2022,10
3/28/2022,10
3/28/2022,10
3/28/2022,10
3/28/2022,10
3/28/2022,10
3/29/2022,0
3/29/2022,20
3/29/2022,30
3/30/2022,10
3/30/2022,100
3/30/2022,10
3/30/2022,40
3/30/2022,240
3/30/2022,50
3/31/2022,10
3/31/2022,20
3/31/2022,30
3/31/2022,30
3/31/2022,50
3/31/2022,20
3/31/2022,30
3/31/2022,10
3/31/2022,20
3/31/2022,20
3/31/2022,20
3/31/2022,10
3/31/2022,40
4/1/2022,10
4/1/2022,10
4/1/2022,10
4/1/2022,10
4/1/2022,10
4/2/2022,10
4/2/2022,30
4/2/2022,10
4/2/2022,120
4/2/2022,100
4/2/2022,30
4/2/2022,70
4/4/2022,10
4/4/2022,10
4/4/2022,20
4/4/2022,10
4/4/2022,10
4/5/2022,20
4/5/2022,10
4/5/2022,10
4/5/2022,20
4/5/2022,10
4/5/2022,60
4/5/2022,10
4/5/2022,10
4/6/2022,10
4/6/2022,10
4/6/2022,30
4/6/2022,20
4/7/2022,10
4/7/2022,10
4/7/2022,10
4/7/2022,10
4/7/2022,40
4/7/2022,10
4/7/2022,20
4/7/2022,60
4/7/2022,60
4/7/2022,10
4/7/2022,20
4/7/2022,10
4/7/2022,40
4/7/2022,10
4/7/2022,80
4/8/2022,40
4/8/2022,10
4/8/2022,120
4/8/2022,130
4/8/2022,20
4/8/2022,10
4/9/2022,10
4/9/2022,190
4/9/2022,110
4/9/2022,30
4/9/2022,60
4/12/2022,40
4/12/2022,10
4/13/2022,20
4/13/2022,50
4/14/2022,30
4/14/2022,10
4/14/2022,20
4/14/2022,30
4/15/2022,40
4/15/2022,10
4/16/2022,10
4/16/2022,20
4/16/2022,10
4/16/2022,40
4/16/2022,20
4/16/2022,80
4/18/2022,10
4/18/2022,10
4/18/2022,10
4/18/2022,10
4/18/2022,10
4/19/2022,10
4/19/2022,50
4/19/2022,20
4/19/2022,30
4/19/2022,40
4/19/2022,10
4/19/2022,10
4/19/2022,0
4/20/2022,10
4/20/2022,20
4/20/2022,30
4/20/2022,10
4/20/2022,40
4/20/2022,60
4/21/2022,40
4/21/2022,60
4/21/2022,70
4/21/2022,30
4/21/2022,100
4/21/2022,40
4/21/2022,160
4/22/2022,10
4/22/2022,20
4/22/2022,80
4/22/2022,60
4/22/2022,10
4/22/2022,10
4/22/2022,20
4/23/2022,50
4/23/2022,10
4/23/2022,120
4/23/2022,170
4/23/2022,50
4/23/2022,120
4/25/2022,10
4/25/2022,10
4/25/2022,10
4/25/2022,10
4/25/2022,10
4/25/2022,10
4/25/2022,10
4/26/2022,20
4/26/2022,70
4/26/2022,50
4/27/2022,0
4/27/2022,10
4/27/2022,20
4/27/2022,10
4/27/2022,10
4/27/2022,10
4/28/2022,10
4/28/2022,100
4/28/2022,90
4/28/2022,70
4/28/2022,30
4/28/2022,40
4/29/2022,20
4/29/2022,10
4/29/2022,10
4/29/2022,80
4/29/2022,110
4/29/2022,10
4/29/2022,10
4/29/2022,10
4/30/2022,20
4/30/2022,130
4/30/2022,80
4/30/2022,20
4/30/2022,70
5/2/2022,50
5/3/2022,10
5/3/2022,40
5/3/2022,70
5/4/2022,10
5/4/2022,20
5/4/2022,20
5/5/2022,50
5/5/2022,40
5/5/2022,80
5/5/2022,20
5/5/2022,110
5/6/2022,40
5/6/2022,10
5/6/2022,10
5/6/2022,70
5/6/2022,10
5/7/2022,20
5/7/2022,50
5/7/2022,120
5/7/2022,40
5/10/2022,20
5/11/2022,10
5/12/2022,10
5/13/2022,0
5/19/2022,10
5/19/2022,20
5/19/2022,100
5/19/2022,100
5/19/2022,60
5/20/2022,10
5/20/2022,10
5/20/2022,10
5/20/2022,10
5/20/2022,100
5/20/2022,10
5/20/2022,200
5/20/2022,10
5/20/2022,10
5/20/2022,10
5/20/2022,20
5/20/2022,20
5/20/2022,20
5/20/2022,10
5/21/2022,30
5/21/2022,20
5/21/2022,10
5/21/2022,40
5/21/2022,150
5/21/2022,220
5/21/2022,20
5/21/2022,40
5/21/2022,10
5/21/2022,80
5/23/2022,10
5/23/2022,10
5/23/2022,10
5/23/2022,10
5/23/2022,50
5/23/2022,10
5/23/2022,10
5/23/2022,10
5/23/2022,10
5/23/2022,20
5/23/2022,10
5/23/2022,10
5/23/2022,10
5/24/2022,10
5/24/2022,20
5/24/2022,130
5/24/2022,60
5/24/2022,20
5/24/2022,10
5/25/2022,10
5/25/2022,10
5/25/2022,30
5/25/2022,10
5/25/2022,10
5/25/2022,30
5/25/2022,10
5/25/2022,10
5/25/2022,10
5/25/2022,10
5/25/2022,10
5/25/2022,50
5/25/2022,10
5/25/2022,10
5/25/2022,10
5/25/2022,180
5/26/2022,20
5/26/2022,60
5/26/2022,70
5/26/2022,10
5/26/2022,70
5/26/2022,10
5/26/2022,110
5/27/2022,30
5/27/2022,20
5/27/2022,200
5/27/2022,130
5/27/2022,230
5/27/2022,20
5/27/2022,210
5/27/2022,90
5/27/2022,10
5/27/2022,10
5/27/2022,30
5/27/2022,10
5/27/2022,100
5/27/2022,70
5/28/2022,10
5/28/2022,20
5/28/2022,10
5/28/2022,80
5/28/2022,50
5/28/2022,50
5/28/2022,20
5/28/2022,40
5/28/2022,10
5/28/2022,30
5/28/2022,100
5/28/2022,100
5/30/2022,20
5/30/2022,50
5/30/2022,10
5/30/2022,10
5/30/2022,10
5/31/2022,10
5/31/2022,20
5/31/2022,10
5/31/2022,50
5/31/2022,20
5/31/2022,10
5/31/2022,50
5/31/2022,20
5/31/2022,10
5/31/2022,30
6/1/2022,10
6/1/2022,10
6/2/2022,40
6/2/2022,30
6/2/2022,0
6/2/2022,10
6/2/2022,30
6/3/2022,10
6/3/2022,10
6/3/2022,60
6/3/2022,40
6/3/2022,10
6/4/2022,10
6/4/2022,20
6/4/2022,80
6/4/2022,20
6/4/2022,20
6/6/2022,10
6/6/2022,10
6/6/2022,130
6/6/2022,1
6/6/2022,10
6/7/2022,10
6/7/2022,120
6/7/2022,10
6/7/2022,20
6/7/2022,10
6/8/2022,10
6/8/2022,30
6/8/2022,10
6/8/2022,10
6/8/2022,100
6/8/2022,10
6/8/2022,30
6/9/2022,10
6/9/2022,20
6/9/2022,30
6/10/2022,10
6/10/2022,10
6/10/2022,30
6/11/2022,20
6/11/2022,10
6/11/2022,40
6/11/2022,60
6/11/2022,20
6/11/2022,20
6/13/2022,10
6/13/2022,20
6/13/2022,10
6/14/2022,10
6/14/2022,30
6/14/2022,50
6/14/2022,50
6/14/2022,10
6/15/2022,10
6/15/2022,10
6/15/2022,10
6/15/2022,30
6/15/2022,10
6/15/2022,10
6/15/2022,10
6/15/2022,10
6/15/2022,10
6/15/2022,10
6/15/2022,20
6/15/2022,10
6/15/2022,10
6/15/2022,10
6/16/2022,10
6/16/2022,10
6/16/2022,10
6/16/2022,20
6/16/2022,20
6/16/2022,20
6/17/2022,10
6/17/2022,10
6/17/2022,10
6/17/2022,30
6/18/2022,10
6/18/2022,20
6/18/2022,10
6/18/2022,30
6/18/2022,30
6/18/2022,30
6/20/2022,10
6/20/2022,10
6/20/2022,10
6/20/2022,10
6/20/2022,10
6/21/2022,20
6/21/2022,30
6/21/2022,30
6/22/2022,10
6/22/2022,10
6/22/2022,10
6/22/2022,10
6/22/2022,10
6/22/2022,10
6/22/2022,10
6/23/2022,1
6/23/2022,10
6/23/2022,10
6/23/2022,240
6/23/2022,10
6/23/2022,0
6/23/2022,20
6/24/2022,10
6/24/2022,20
6/24/2022,10
6/24/2022,10
6/24/2022,10
6/24/2022,20
6/24/2022,10
6/24/2022,20
6/25/2022,20
6/25/2022,20
6/25/2022,40
6/27/2022,10
6/27/2022,10
6/27/2022,10
6/27/2022,10
6/27/2022,10
6/27/2022,50
6/27/2022,10
6/27/2022,10
6/27/2022,10
6/27/2022,10
6/27/2022,10
6/28/2022,20
6/28/2022,20
6/28/2022,20
6/28/2022,10
6/29/2022,200
6/29/2022,420
6/29/2022,50
6/29/2022,20
6/29/2022,40
6/29/2022,10
6/29/2022,50
6/30/2022,10
6/30/2022,20
6/30/2022,30
6/30/2022,10
6/30/2022,10
7/1/2022,40
7/1/2022,10
7/1/2022,10
7/1/2022,10
7/1/2022,10
7/1/2022,20
7/1/2022,10
7/1/2022,10
7/1/2022,10
7/1/2022,10
7/2/2022,10
7/2/2022,20
7/2/2022,60
7/2/2022,30
7/2/2022,10
7/4/2022,80
7/4/2022,10
7/4/2022,50
7/4/2022,10
7/4/2022,10
7/4/2022,10
7/4/2022,10
7/4/2022,80
7/4/2022,10
7/5/2022,10
7/5/2022,20
7/5/2022,60
7/5/2022,20
7/6/2022,50
7/6/2022,10
7/6/2022,10
7/6/2022,30
7/7/2022,50
7/7/2022,10
7/7/2022,10
7/8/2022,10
7/8/2022,10
7/8/2022,30
7/8/2022,10
7/8/2022,10
7/9/2022,20
7/9/2022,60
7/9/2022,30
7/9/2022,20
7/9/2022,40
7/11/2022,20
7/11/2022,10
7/12/2022,10
7/12/2022,20
7/12/2022,10
7/12/2022,10
7/12/2022,270
7/12/2022,270
7/12/2022,10
7/13/2022,10
7/13/2022,60
7/13/2022,10
7/13/2022,10
7/13/2022,20
7/13/2022,70
7/13/2022,10
7/13/2022,10
7/13/2022,10
7/13/2022,10
7/13/2022,10
7/13/2022,10
7/13/2022,10
7/13/2022,20
7/13/2022,70
7/14/2022,60
7/14/2022,40
7/14/2022,110
7/14/2022,70
7/14/2022,90
7/14/2022,100
7/15/2022,10
7/15/2022,10
7/15/2022,10
7/15/2022,110
7/15/2022,140
7/15/2022,10
7/16/2022,50
7/16/2022,40
7/16/2022,100
7/16/2022,40
7/16/2022,70
7/16/2022,70
7/18/2022,10
7/18/2022,10
7/19/2022,10
7/19/2022,50
7/19/2022,100
7/19/2022,40
7/19/2022,50
7/19/2022,10
7/20/2022,10
7/20/2022,20
7/20/2022,20
7/20/2022,10
7/20/2022,10
7/20/2022,10
7/20/2022,20
7/20/2022,40
7/21/2022,20
7/21/2022,120
7/21/2022,30
7/21/2022,40
7/21/2022,60
7/21/2022,40
7/21/2022,20
7/21/2022,140
7/22/2022,10
7/22/2022,1
7/22/2022,100
7/22/2022,80
7/22/2022,90
7/22/2022,40
7/22/2022,100
7/22/2022,100
7/22/2022,10
7/22/2022,0
7/23/2022,30
7/23/2022,20
7/23/2022,20
7/23/2022,10
7/23/2022,10
7/23/2022,70
7/23/2022,230
7/23/2022,40
7/23/2022,90
7/25/2022,10
7/25/2022,10
7/25/2022,40
7/25/2022,60
7/25/2022,10
7/25/2022,10
7/26/2022,10
7/26/2022,10
7/26/2022,30
7/26/2022,200
7/26/2022,60
7/26/2022,50
7/27/2022,10
7/27/2022,1
7/27/2022,10
7/27/2022,10
7/27/2022,50
7/28/2022,50
7/28/2022,10
7/28/2022,50
7/28/2022,30
7/28/2022,30
7/29/2022,20
7/29/2022,20
7/29/2022,30
7/29/2022,50
7/29/2022,70
7/29/2022,40
7/29/2022,100
8/1/2022,10
8/1/2022,10
8/1/2022,10
8/2/2022,50
8/2/2022,100
8/2/2022,80
8/2/2022,50
8/2/2022,10
8/2/2022,10
8/3/2022,20
8/3/2022,10
8/3/2022,10
8/3/2022,20
8/3/2022,10
8/3/2022,10
8/3/2022,10
8/3/2022,100
8/3/2022,10
8/3/2022,20
8/4/2022,10
8/4/2022,10
8/4/2022,10
8/4/2022,10
8/4/2022,10
8/4/2022,10
8/4/2022,20
8/4/2022,10
8/4/2022,10
8/4/2022,20
8/4/2022,30
8/4/2022,50
8/4/2022,10
8/4/2022,30
8/4/2022,10
8/4/2022,10
8/4/2022,40
8/4/2022,10
8/4/2022,40
8/5/2022,10
8/5/2022,10
8/5/2022,10
8/5/2022,50
8/5/2022,20
8/5/2022,20
8/5/2022,10
8/5/2022,10
8/5/2022,20
8/5/2022,10
8/6/2022,20
8/6/2022,100
8/6/2022,90
8/6/2022,10
8/6/2022,30
8/8/2022,10
8/8/2022,40
8/8/2022,10
8/8/2022,30
8/8/2022,50
8/8/2022,10
8/8/2022,10
8/8/2022,10
8/9/2022,10
8/9/2022,10
8/9/2022,10
8/9/2022,20
8/9/2022,40
8/9/2022,20
8/9/2022,30
8/9/2022,10
8/9/2022,20
8/9/2022,10
8/9/2022,10
8/9/2022,10
8/10/2022,10
8/10/2022,10
8/10/2022,30
8/10/2022,10
8/11/2022,10
8/11/2022,30
8/11/2022,10
8/11/2022,30
8/11/2022,10
8/11/2022,10
8/12/2022,10
8/12/2022,40
8/13/2022,10
8/13/2022,10
8/13/2022,30
8/13/2022,20
8/13/2022,10
8/13/2022,20
8/13/2022,10
8/15/2022,50
8/15/2022,400
8/15/2022,10
8/15/2022,10
8/15/2022,0
8/16/2022,10
8/16/2022,100
8/16/2022,30
8/16/2022,0
8/16/2022,0
8/16/2022,0
8/17/2022,40
8/17/2022,10
8/17/2022,20
8/17/2022,10
8/17/2022,20
8/17/2022,20
8/17/2022,0
8/17/2022,0
8/17/2022,40
8/17/2022,40
8/18/2022,20
8/18/2022,130
8/18/2022,80
8/18/2022,30
8/18/2022,80
8/18/2022,10
8/18/2022,30
8/18/2022,10
8/18/2022,10
8/19/2022,1
8/19/2022,10
8/19/2022,10
8/19/2022,30
8/19/2022,60
8/19/2022,10
8/19/2022,10
8/19/2022,10
8/19/2022,30
8/19/2022,10
8/20/2022,10
8/20/2022,10
8/20/2022,40
8/20/2022,70
8/20/2022,10
8/20/2022,30
8/20/2022,10
8/20/2022,20
8/20/2022,40
8/22/2022,10
8/22/2022,10
8/22/2022,10
8/22/2022,0
8/22/2022,10
8/23/2022,10
8/23/2022,10
8/23/2022,10
8/23/2022,200
8/23/2022,10
8/23/2022,60
8/23/2022,60
8/23/2022,0
8/23/2022,20
8/23/2022,10
8/24/2022,10
8/24/2022,10
8/24/2022,10
8/24/2022,20
8/24/2022,10
8/24/2022,250
8/24/2022,20
8/24/2022,960
8/25/2022,120
8/25/2022,10
8/25/2022,220
8/25/2022,730
8/25/2022,10
8/25/2022,50
8/25/2022,20
8/26/2022,10
8/26/2022,10
8/26/2022,20
8/26/2022,10
8/26/2022,130
8/26/2022,10
8/26/2022,20
8/26/2022,10
8/27/2022,10
8/27/2022,20
8/27/2022,10
8/27/2022,20
8/27/2022,20
8/27/2022,60
8/27/2022,40
8/27/2022,120
8/27/2022,10
8/27/2022,10
8/27/2022,10
8/27/2022,10
8/27/2022,30
8/27/2022,50
8/27/2022,130
8/27/2022,10
8/29/2022,10
8/29/2022,120
8/30/2022,10
8/30/2022,10
8/30/2022,10
8/30/2022,50
8/30/2022,10
8/30/2022,10
8/31/2022,10
8/31/2022,10
8/31/2022,10
8/31/2022,50
8/31/2022,10
8/31/2022,10
8/31/2022,10
8/31/2022,20
8/31/2022,20
8/31/2022,20
8/31/2022,10
8/31/2022,30
8/31/2022,10
8/31/2022,10
8/31/2022,10
8/31/2022,10
8/31/2022,10
8/31/2022,30
8/31/2022,10
8/31/2022,30
9/1/2022,10
9/1/2022,10
9/1/2022,10
9/1/2022,10
9/1/2022,10
9/1/2022,10
9/1/2022,10
9/2/2022,10
9/2/2022,10
9/2/2022,10
9/2/2022,10
9/3/2022,10
9/3/2022,10
9/3/2022,20
9/3/2022,20
9/3/2022,70
9/3/2022,20
9/3/2022,30
9/3/2022,120
9/3/2022,20
9/5/2022,10
9/5/2022,10
9/5/2022,50
9/5/2022,10
9/5/2022,10
9/5/2022,10
9/6/2022,10
9/6/2022,30
9/6/2022,10
9/6/2022,20
9/6/2022,30
9/6/2022,10
9/7/2022,10
9/7/2022,10
9/7/2022,20
9/7/2022,80
9/7/2022,120
9/7/2022,10
9/8/2022,10
9/9/2022,10
9/9/2022,30
9/9/2022,10
9/9/2022,10
9/9/2022,10
9/9/2022,20
9/9/2022,10
9/10/2022,60
9/10/2022,10
9/10/2022,10
9/10/2022,10
9/10/2022,0
9/10/2022,390
9/12/2022,70
9/13/2022,10
9/13/2022,50
9/13/2022,80
9/13/2022,400
9/13/2022,10
9/14/2022,10
9/14/2022,0
9/14/2022,80
9/14/2022,10
9/14/2022,10
9/15/2022,0
9/16/2022,10
9/16/2022,10
9/16/2022,10
9/16/2022,10
9/16/2022,20
9/16/2022,10
9/16/2022,10
9/17/2022,10
9/17/2022,10
9/17/2022,10
9/17/2022,10
9/17/2022,20
9/17/2022,10
9/17/2022,10
9/17/2022,10
9/17/2022,10
9/17/2022,10
9/17/2022,10
9/17/2022,10
9/17/2022,10
9/17/2022,10
9/19/2022,10
9/19/2022,10
9/19/2022,10
9/20/2022,10
9/20/2022,40
9/20/2022,10
9/20/2022,10
9/21/2022,10
9/21/2022,10
9/21/2022,100
9/21/2022,10
9/21/2022,10
9/22/2022,10
9/22/2022,10
9/23/2022,10
9/23/2022,0
9/23/2022,0
9/23/2022,0
9/23/2022,0
9/23/2022,0
9/23/2022,0
9/23/2022,10
9/23/2022,10
9/23/2022,10
9/23/2022,20
9/23/2022,10
9/23/2022,10
9/24/2022,30
9/24/2022,10
9/26/2022,10
9/27/2022,20
9/28/2022,10
9/28/2022,10
9/28/2022,10
9/28/2022,10
9/28/2022,10
9/28/2022,20
9/29/2022,10
9/29/2022,10
9/29/2022,10
9/29/2022,100
9/30/2022,10
9/30/2022,10
9/30/2022,10
9/30/2022,10
9/30/2022,20
9/30/2022,10
9/30/2022,30
9/30/2022,10
9/30/2022,20
9/30/2022,10
10/1/2022,0
10/3/2022,10
10/3/2022,10
10/3/2022,10
10/3/2022,10
10/3/2022,10
10/5/2022,30
10/5/2022,10
10/5/2022,10
10/5/2022,10
10/5/2022,10
10/5/2022,10
10/6/2022,50
10/7/2022,10
10/7/2022,10
10/7/2022,10
10/7/2022,10
10/7/2022,120
10/8/2022,10
10/10/2022,10
10/10/2022,10
10/10/2022,10
10/10/2022,10
10/10/2022,10
10/10/2022,10
10/11/2022,0
10/11/2022,0
10/11/2022,10
10/11/2022,10
10/11/2022,10
10/11/2022,10
10/11/2022,10
10/11/2022,10
10/12/2022,10
10/12/2022,0
10/12/2022,10
10/13/2022,20
10/13/2022,40
10/14/2022,0
10/14/2022,0
10/14/2022,10
10/14/2022,0
10/14/2022,10
10/14/2022,10
10/14/2022,20
10/14/2022,20
10/15/2022,30
10/15/2022,10
10/15/2022,10
10/15/2022,100
10/15/2022,10
10/15/2022,30
10/15/2022,10
10/15/2022,10
10/17/2022,10
10/17/2022,10
10/18/2022,10
10/18/2022,10
10/18/2022,10
10/18/2022,50
10/18/2022,10
10/18/2022,40
10/18/2022,10
10/18/2022,100
10/18/2022,20
10/18/2022,10
10/18/2022,10
10/18/2022,10
10/19/2022,10
10/19/2022,20
10/19/2022,10
10/19/2022,10
10/19/2022,10
10/19/2022,10
10/19/2022,10
10/19/2022,50
10/19/2022,20
10/19/2022,10
10/20/2022,10
10/20/2022,70
10/20/2022,100
10/20/2022,120
10/20/2022,40
10/20/2022,0
10/21/2022,10
10/21/2022,10
10/21/2022,60
10/21/2022,30
10/21/2022,110
10/21/2022,130
10/21/2022,10
10/21/2022,10
10/22/2022,20
10/22/2022,20
10/22/2022,40
10/22/2022,10
10/22/2022,10
10/22/2022,10
10/24/2022,10
10/25/2022,10
10/25/2022,7
10/25/2022,50
10/25/2022,30
10/25/2022,30
10/25/2022,10
10/26/2022,30
10/26/2022,10
10/26/2022,10
10/26/2022,10
10/26/2022,50
10/26/2022,60
10/27/2022,100
10/27/2022,20
10/27/2022,10
10/27/2022,20
10/27/2022,0
10/28/2022,10
10/28/2022,10
10/28/2022,10
10/28/2022,10
10/28/2022,40
10/28/2022,10
10/28/2022,10
10/28/2022,10
10/28/2022,10
10/28/2022,10
10/29/2022,10
10/29/2022,120
10/29/2022,40
10/29/2022,30
10/29/2022,40
10/29/2022,80
10/29/2022,50
10/30/2022,10
10/31/2022,10
10/31/2022,20
10/31/2022,20
10/31/2022,10
10/31/2022,10
10/31/2022,10
10/31/2022,20
10/31/2022,50
10/31/2022,10
10/31/2022,10
10/31/2022,130
10/31/2022,170
10/31/2022,10
10/31/2022,10
10/31/2022,10
10/31/2022,10
10/31/2022,20
10/31/2022,10
10/31/2022,10
10/31/2022,10
10/31/2022,10
10/31/2022,20
10/31/2022,10
10/31/2022,10
11/1/2022,20
11/2/2022,10
11/2/2022,10
11/2/2022,10
11/2/2022,10
11/2/2022,10
11/2/2022,10
11/2/2022,10
11/2/2022,20
11/2/2022,10
11/2/2022,10
11/2/2022,10
11/2/2022,10
11/4/2022,10
11/4/2022,10
11/4/2022,10
11/4/2022,10
11/4/2022,10
11/4/2022,10
11/4/2022,100
11/4/2022,10
11/4/2022,10
11/4/2022,10
11/4/2022,10
11/4/2022,10
11/4/2022,10
11/4/2022,10
11/4/2022,10
11/4/2022,10
11/4/2022,20
11/4/2022,10
11/4/2022,20
11/4/2022,10
11/4/2022,10
11/5/2022,20
11/5/2022,10
11/5/2022,50
11/5/2022,50
11/7/2022,10
11/7/2022,100
11/7/2022,20
11/8/2022,10
11/8/2022,20
11/8/2022,100
11/8/2022,600
11/8/2022,10
11/8/2022,70
11/8/2022,80
11/9/2022,10
11/9/2022,30
11/9/2022,50
11/9/2022,10
11/9/2022,10
11/9/2022,10
11/9/2022,30
11/9/2022,20
11/9/2022,10
11/9/2022,50
11/9/2022,20
11/10/2022,10
11/10/2022,10
11/10/2022,20
11/10/2022,20
11/10/2022,40
11/10/2022,20
11/11/2022,10
11/11/2022,10
11/11/2022,10
11/11/2022,10
11/11/2022,60
11/11/2022,40
11/11/2022,20
11/11/2022,10
11/11/2022,20
11/12/2022,70
11/12/2022,140
11/12/2022,110
11/12/2022,20
11/12/2022,60
11/14/2022,50
11/14/2022,10
11/14/2022,10
11/14/2022,20
11/14/2022,10
11/15/2022,20
11/15/2022,30
11/15/2022,220
11/15/2022,10
11/15/2022,150
11/16/2022,50
11/16/2022,20
11/16/2022,10
11/16/2022,10
11/16/2022,20
11/16/2022,10
11/16/2022,10
11/16/2022,10
11/16/2022,10
11/16/2022,10
11/16/2022,10
11/16/2022,100
11/17/2022,50
11/17/2022,40
11/17/2022,10
11/17/2022,30
11/18/2022,10
11/18/2022,10
11/18/2022,10
11/18/2022,10
11/18/2022,10
11/18/2022,10
11/18/2022,10
11/18/2022,10
11/18/2022,60
11/18/2022,150
11/18/2022,10
11/18/2022,10
11/18/2022,40
11/18/2022,10
11/18/2022,10
11/18/2022,10
11/18/2022,20
11/19/2022,10
11/19/2022,20
11/19/2022,40
11/19/2022,60
11/19/2022,30
11/21/2022,10
11/21/2022,10
11/21/2022,10
11/22/2022,0
11/22/2022,90
11/22/2022,1
11/22/2022,120
11/22/2022,170
11/22/2022,70
11/23/2022,30
11/23/2022,10
11/23/2022,10
11/23/2022,30
11/23/2022,10
11/23/2022,10
11/23/2022,10
11/23/2022,30
11/23/2022,20
11/23/2022,10
11/23/2022,30
11/23/2022,70
11/24/2022,10
11/24/2022,20
11/24/2022,20
11/24/2022,10
11/24/2022,20
11/25/2022,10
11/25/2022,10
11/25/2022,10
11/25/2022,2
11/25/2022,10
11/25/2022,10
11/25/2022,30
11/25/2022,130
11/25/2022,10
11/25/2022,70
11/25/2022,10
11/25/2022,10
11/25/2022,10
11/25/2022,10
11/25/2022,10
11/25/2022,10
11/25/2022,10
11/26/2022,1
11/26/2022,30
11/26/2022,20
11/26/2022,50
11/28/2022,10
11/28/2022,10
11/28/2022,10
11/28/2022,10
11/29/2022,10
11/29/2022,10
11/29/2022,600
11/29/2022,10
11/29/2022,100
11/29/2022,50
11/29/2022,20
11/29/2022,40
11/30/2022,10
11/30/2022,10
11/30/2022,3
11/30/2022,10
11/30/2022,10
11/30/2022,20
11/30/2022,10
11/30/2022,10
11/30/2022,10
11/30/2022,20
11/30/2022,30
11/30/2022,10
11/30/2022,10
